{
  "has_precipitation": true,
  "temperature": 2,
  "downfall": 1,
  "effects": {
    "ambient_sound": "ambient.warped_forest.additions",
    "mood_sound": {
      "sound": "ambient.warped_forest.mood",
      "tick_delay": 6000,
      "offset": 8,
      "block_search_extent": 2
    },
    "additions_sound": {
      "sound": "ambient.warped_forest.additions",
      "tick_chance": 0.0111
    },
    "music": {
      "sound": "music.overworld.jungle",
      "min_delay": 12000,
      "max_delay": 24000,
      "replace_current_music": true
    },
    "particle": {
      "options": {
        "type": "portal"
      },
      "probability": 0.01
    },
    "foliage_color": -10092442,
    "grass_color": -13434829,
    "sky_color": -16777216,
    "fog_color": -13434829,
    "water_color": -13434829,
    "water_fog_color": -13434829
  },
  "spawners": {
    "monster": [
      {
        "type": "enderman",
        "weight": 20,
        "minCount": 4,
        "maxCount": 4
      },
      {
        "type": "slime",
        "weight": 20,
        "minCount": 4,
        "maxCount": 4
      },
      {
        "type": "bat",
        "weight": 20,
        "minCount": 4,
        "maxCount": 4
      },
      {
        "type": "piglin_brute",
        "weight": 20,
        "minCount": 4,
        "maxCount": 4
      },
      {
        "type": "ravager",
        "weight": 20,
        "minCount": 4,
        "maxCount": 4
      }
    ],
    "creature": [],
    "ambient": [],
    "axolotls": [],
    "underground_water_creature": [],
    "water_creature": [],
    "water_ambient": [],
    "misc": []
  },
  "spawn_costs": {},
  "carvers": {
    "air": [
      "minecraft:cave",
      "minecraft:cave_extra_underground",
      "minecraft:canyon"
    ]
  },
  "features": [
    [],
    [
      "minecraft:lake_lava_underground"
    ],
    [],
    [],
    [],
    [],
    [
      "minecraft:ore_coal_upper",
      "minecraft:ore_coal_lower",
      "minecraft:ore_iron_upper",
      "minecraft:ore_iron_middle",
      "minecraft:ore_iron_small",
      "minecraft:ore_gold",
      "minecraft:ore_gold_lower",
      "minecraft:ore_redstone",
      "minecraft:ore_redstone_lower",
      "minecraft:ore_diamond",
      "minecraft:ore_diamond_large",
      "minecraft:ore_diamond_buried",
      "minecraft:ore_lapis",
      "minecraft:ore_lapis_buried",
      "minecraft:ore_copper",
      "minecraft:underwater_magma"
    ],
    [],
    [],
    [
      "minecraft:patch_grass_forest",
      "minecraft:trees_jungle",
      "minecraft:trees_savanna",
      "minecraft:patch_grass_jungle"
    ],
    [
      "minecraft:freeze_top_layer"
    ]
  ]
}