{
  "has_precipitation": true,
  "temperature": 2,
  "downfall": 1,
  "effects": {
    "ambient_sound": "ambient.underwater.loop.additions.ultra_rare",
    "mood_sound": {
      "sound": "ambient.warped_forest.mood",
      "tick_delay": 6000,
      "offset": 8,
      "block_search_extent": 2
    },
    "additions_sound": {
      "sound": "ambient.crimson_forest.additions",
      "tick_chance": 0.0111
    },
    "music": {
      "sound": "music.end",
      "min_delay": 12000,
      "max_delay": 24000,
      "replace_current_music": true
    },
    "particle": {
      "options": {
        "type": "ash"
      },
      "probability": 0.02
    },
    "foliage_color": -11402236,
    "grass_color": -13434623,
    "sky_color": -16777216,
    "fog_color": -14680064,
    "water_color": -9174526,
    "water_fog_color": -13565952
  },
  "spawners": {
    "monster": [
      {
        "type": "ghast",
        "weight": 1,
        "minCount": 1,
        "maxCount": 1
      },
      {
        "type": "husk",
        "weight": 20,
        "minCount": 4,
        "maxCount": 4
      },
      {
        "type": "zombified_piglin",
        "weight": 20,
        "minCount": 4,
        "maxCount": 4
      },
      {
        "type": "giant",
        "weight": 20,
        "minCount": 4,
        "maxCount": 4
      },
      {
        "type": "illusioner",
        "weight": 20,
        "minCount": 4,
        "maxCount": 4
      }
    ],
    "creature": [],
    "ambient": [],
    "axolotls": [],
    "underground_water_creature": [],
    "water_creature": [],
    "water_ambient": [],
    "misc": []
  },
  "spawn_costs": {},
  "carvers": {
    "air": [
      "minecraft:cave",
      "minecraft:cave_extra_underground",
      "minecraft:canyon"
    ]
  },
  "features": [
    [],
    [
      "minecraft:lake_lava_underground"
    ],
    [
      "minecraft:forest_rock"
    ],
    [],
    [],
    [],
    [
      "minecraft:ore_coal_upper",
      "minecraft:ore_coal_lower",
      "minecraft:ore_iron_upper",
      "minecraft:ore_iron_middle",
      "minecraft:ore_iron_small",
      "minecraft:ore_gold",
      "minecraft:ore_gold_lower",
      "minecraft:ore_redstone",
      "minecraft:ore_redstone_lower",
      "minecraft:ore_diamond",
      "minecraft:ore_diamond_large",
      "minecraft:ore_diamond_buried",
      "minecraft:ore_lapis",
      "minecraft:ore_lapis_buried",
      "minecraft:ore_copper",
      "minecraft:underwater_magma",
      "minecraft:ore_gold_extra"
    ],
    [],
    [],
    [
      "infection:infection_tree",
      "minecraft:forest_flowers",
      "minecraft:patch_grass_forest",
      "minecraft:trees_jungle",
      "minecraft:trees_swamp",
      "minecraft:flower_swamp",
      "minecraft:patch_grass_normal",
      "minecraft:patch_dead_bush",
      "minecraft:patch_waterlily",
      "minecraft:brown_mushroom_swamp",
      "minecraft:red_mushroom_swamp",
      "minecraft:patch_grass_jungle"
    ],
    [
      "minecraft:freeze_top_layer"
    ]
  ]
}