{
  "_fv": 73,
  "_type": "recipe",
  "definition": {
    "recipeType": "Crafting",
    "recipeRetstackSize": 1,
    "group": "corrupt_tools",
    "cookingBookCategory": "MISC",
    "xpReward": 0.0,
    "cookingTime": 200,
    "craftingBookCategory": "EQUIPMENT",
    "recipeShapeless": false,
    "recipeSlots": [
      {
        "value": "CUSTOM:Corrodirt"
      },
      {
        "value": "CUSTOM:Corrodirt"
      },
      {
        "value": "CUSTOM:Corrodirt"
      },
      {
        "value": ""
      },
      {
        "value": "CUSTOM:Infectedsticks"
      },
      {
        "value": ""
      },
      {
        "value": ""
      },
      {
        "value": "CUSTOM:Infectedsticks"
      },
      {
        "value": ""
      }
    ],
    "recipeReturnStack": {
      "value": "CUSTOM:Thecumlunchly"
    },
    "name": "corrupt_pick_recipe",
    "namespace": "mod"
  }
}