{
  "_fv": 73,
  "_type": "biome",
  "definition": {
    "name": "Corruption",
    "groundBlock": {
      "value": "CUSTOM:Corrograss"
    },
    "undergroundBlock": {
      "value": "CUSTOM:Corrodirt"
    },
    "underwaterBlock": {
      "value": "CUSTOM:Corrodirt"
    },
    "airColor": {
      "value": -16777216,
      "falpha": 0.0
    },
    "fogColor": {
      "value": -13434829,
      "falpha": 0.0
    },
    "grassColor": {
      "value": -13434829,
      "falpha": 0.0
    },
    "foliageColor": {
      "value": -10092442,
      "falpha": 0.0
    },
    "waterColor": {
      "value": -13434829,
      "falpha": 0.0
    },
    "waterFogColor": {
      "value": -13434829,
      "falpha": 0.0
    },
    "ambientSound": {
      "value": "ambient.warped_forest.additions"
    },
    "additionsSound": {
      "value": "ambient.warped_forest.additions"
    },
    "music": {
      "value": "music.overworld.jungle"
    },
    "moodSound": {
      "value": "ambient.warped_forest.mood"
    },
    "moodSoundDelay": 6000,
    "spawnParticles": true,
    "particleToSpawn": {
      "value": "PORTAL"
    },
    "particlesProbability": 1.0,
    "rainingPossibility": 1.0,
    "temperature": 2.0,
    "spawnBiome": true,
    "spawnInCaves": true,
    "spawnBiomeNether": false,
    "genTemperature": {
      "min": -2.0,
      "max": 0.7
    },
    "genHumidity": {
      "min": -1.0,
      "max": 0.7
    },
    "genContinentalness": {
      "min": -1.0,
      "max": 0.7
    },
    "genErosion": {
      "min": -1.0,
      "max": 0.7
    },
    "genWeirdness": {
      "min": -1.0,
      "max": 0.7
    },
    "treesPerChunk": 0,
    "vanillaTreeType": "Default",
    "treeType": 0,
    "minHeight": 7,
    "treeStem": {
      "value": ""
    },
    "treeBranch": {
      "value": ""
    },
    "treeVines": {
      "value": ""
    },
    "treeFruits": {
      "value": ""
    },
    "defaultFeatures": [
      "Caves",
      "Ores",
      "FrozenTopLayer",
      "ForestGrass",
      "JungleGrass",
      "SavannaTrees",
      "JungleTreeForest"
    ],
    "spawnStronghold": true,
    "spawnMineshaft": true,
    "spawnMineshaftMesa": true,
    "spawnPillagerOutpost": false,
    "villageType": "taiga",
    "spawnWoodlandMansion": false,
    "spawnJungleTemple": false,
    "spawnDesertPyramid": false,
    "spawnSwampHut": false,
    "spawnIgloo": false,
    "spawnOceanMonument": false,
    "spawnShipwreck": false,
    "spawnShipwreckBeached": true,
    "spawnBuriedTreasure": false,
    "oceanRuinType": "WARM",
    "spawnNetherBridge": false,
    "spawnNetherFossil": false,
    "spawnBastionRemnant": false,
    "spawnEndCity": false,
    "spawnRuinedPortal": "SWAMP",
    "spawnEntries": [
      {
        "entity": {
          "value": "EntityEnderman"
        },
        "minGroup": 4,
        "maxGroup": 4,
        "weight": 20,
        "spawnType": "monster"
      },
      {
        "entity": {
          "value": "EntitySlime"
        },
        "minGroup": 4,
        "maxGroup": 4,
        "weight": 20,
        "spawnType": "monster"
      },
      {
        "entity": {
          "value": "EntityBat"
        },
        "minGroup": 4,
        "maxGroup": 4,
        "weight": 20,
        "spawnType": "monster"
      },
      {
        "entity": {
          "value": "EntityPiglinBrute"
        },
        "minGroup": 4,
        "maxGroup": 4,
        "weight": 20,
        "spawnType": "monster"
      },
      {
        "entity": {
          "value": "EntityRavager"
        },
        "minGroup": 4,
        "maxGroup": 4,
        "weight": 20,
        "spawnType": "monster"
      }
    ]
  }
}