{
  "_fv": 73,
  "_type": "biome",
  "definition": {
    "name": "Infection",
    "groundBlock": {
      "value": "CUSTOM:Gooey"
    },
    "undergroundBlock": {
      "value": "CUSTOM:Weiner"
    },
    "underwaterBlock": {
      "value": "CUSTOM:Gooey"
    },
    "airColor": {
      "value": -16777216,
      "falpha": 0.0
    },
    "fogColor": {
      "value": -14680064,
      "falpha": 0.0
    },
    "grassColor": {
      "value": -13434623,
      "falpha": 0.0
    },
    "foliageColor": {
      "value": -11402236,
      "falpha": 0.0
    },
    "waterColor": {
      "value": -9174526,
      "falpha": 0.0
    },
    "waterFogColor": {
      "value": -13565952,
      "falpha": 0.0
    },
    "ambientSound": {
      "value": "ambient.underwater.loop.additions.ultra_rare"
    },
    "additionsSound": {
      "value": "ambient.crimson_forest.additions"
    },
    "music": {
      "value": "music.end"
    },
    "moodSound": {
      "value": "ambient.warped_forest.mood"
    },
    "moodSoundDelay": 6000,
    "spawnParticles": true,
    "particleToSpawn": {
      "value": "ASH"
    },
    "particlesProbability": 2.0,
    "rainingPossibility": 1.0,
    "temperature": 2.0,
    "spawnBiome": true,
    "spawnInCaves": false,
    "spawnBiomeNether": false,
    "genTemperature": {
      "min": -0.5,
      "max": 1.0
    },
    "genHumidity": {
      "min": -0.5,
      "max": 1.0
    },
    "genContinentalness": {
      "min": -0.5,
      "max": 1.0
    },
    "genErosion": {
      "min": -0.5,
      "max": 1.0
    },
    "genWeirdness": {
      "min": -0.5,
      "max": 1.0
    },
    "treesPerChunk": 1,
    "vanillaTreeType": "Mega spruce trees",
    "treeType": 1,
    "minHeight": 7,
    "treeStem": {
      "value": "CUSTOM:Infectedgrass"
    },
    "treeBranch": {
      "value": "CUSTOM:Liani"
    },
    "treeVines": {
      "value": "Blocks.WEEPING_VINES"
    },
    "treeFruits": {
      "value": "Blocks.RED_MUSHROOM"
    },
    "defaultFeatures": [
      "Caves",
      "Ores",
      "FrozenTopLayer",
      "JungleTreeForest",
      "ForestGrass",
      "ExtraGoldOre",
      "ForestFlowers",
      "JungleGrass",
      "SwampVegetation",
      "TaigaRocks"
    ],
    "spawnStronghold": true,
    "spawnMineshaft": true,
    "spawnMineshaftMesa": true,
    "spawnPillagerOutpost": false,
    "villageType": "none",
    "spawnWoodlandMansion": false,
    "spawnJungleTemple": false,
    "spawnDesertPyramid": false,
    "spawnSwampHut": false,
    "spawnIgloo": false,
    "spawnOceanMonument": false,
    "spawnShipwreck": false,
    "spawnShipwreckBeached": false,
    "spawnBuriedTreasure": false,
    "oceanRuinType": "NONE",
    "spawnNetherBridge": false,
    "spawnNetherFossil": true,
    "spawnBastionRemnant": false,
    "spawnEndCity": false,
    "spawnRuinedPortal": "NETHER",
    "spawnEntries": [
      {
        "entity": {
          "value": "EntityGhast"
        },
        "minGroup": 1,
        "maxGroup": 1,
        "weight": 1,
        "spawnType": "monster"
      },
      {
        "entity": {
          "value": "EntityHusk"
        },
        "minGroup": 4,
        "maxGroup": 4,
        "weight": 20,
        "spawnType": "monster"
      },
      {
        "entity": {
          "value": "EntityPigZombie"
        },
        "minGroup": 4,
        "maxGroup": 4,
        "weight": 20,
        "spawnType": "monster"
      },
      {
        "entity": {
          "value": "EntityGiantZombie"
        },
        "minGroup": 4,
        "maxGroup": 4,
        "weight": 20,
        "spawnType": "monster"
      },
      {
        "entity": {
          "value": "EntityIllusionIllager"
        },
        "minGroup": 4,
        "maxGroup": 4,
        "weight": 20,
        "spawnType": "monster"
      }
    ]
  }
}