{
  "_fv": 73,
  "_type": "potion",
  "definition": {
    "potionName": "Potion of MILKIES",
    "splashName": "Splash Potion of MILKIES",
    "lingeringName": "Lingering Potion of MILKIES",
    "arrowName": "Arrow of MILKIES",
    "effects": [
      {
        "effect": {
          "value": "DARKNESS"
        },
        "duration": 3600,
        "infinite": false,
        "amplifier": 0,
        "ambient": false,
        "showParticles": true
      },
      {
        "effect": {
          "value": "WEAKNESS"
        },
        "duration": 3600,
        "infinite": false,
        "amplifier": 0,
        "ambient": false,
        "showParticles": true
      }
    ]
  }
}