{
  "_fv": 73,
  "_type": "potioneffect",
  "definition": {
    "effectName": "The Infection",
    "icon": "skull",
    "color": {
      "value": -13434880,
      "falpha": 0.0
    },
    "isInstant": true,
    "mobEffectCategory": "HARMFUL",
    "renderStatusInInventory": true,
    "renderStatusInHUD": true,
    "isCuredByMilk": false,
    "isProtectedByTotem": false,
    "isCuredbyHoney": false,
    "modifiers": [
      {
        "attribute": {
          "value": "MAX_HEALTH"
        },
        "amount": -1.0,
        "operation": "ADD_VALUE"
      }
    ]
  }
}